split,variant,w_phys,w_trans,seed,RMSE_total,MAE_total,R2_total,R2log_total,OnsetAUC,R2log_LOW_ONLY,R2log_MOD_ONLY,R2log_HIGH_ONLY,R2log_CUM_L,R2log_CUM_M,R2log_CUM_H,MAE_mean_class_cracked,feature_tag,n_features,output_dir
temporal,state_transition_w0.1_t2_transition_pred,0.1,2.0,0,6.8775746466337635,2.9709463119506836,0.728035569190979,0.7811756134033203,0.8744131455399062,0.5982351303100586,0.5709776282310486,0.4595431089401245,0.7811756134033203,0.7172247767448425,0.4595431089401245,0.3011018055636103,_sdr_dense_state,261,outputs_severity_state_pinn_sdr_dense_state_screen_full
temporal,state_transition_w0.1_t2_transition_pred,0.1,2.0,0,6.8170741412582645,3.031916856765747,0.7327994108200073,0.7710898518562317,0.8689847417840375,0.6100755929946899,0.5598846673965454,0.4606159925460815,0.7710898518562317,0.7009987831115723,0.4606159925460815,0.3164501382410802,_sdr_dense_state_core20,20,outputs_severity_state_pinn_sdr_dense_state_screen_core20
temporal,state_transition_w0.1_t2_transition_pred,0.1,2.0,0,6.953703232627989,3.0392634868621826,0.7219815254211426,0.768173098564148,0.8684712441314555,0.6039358377456665,0.5574789047241211,0.4316573739051819,0.768173098564148,0.6918609738349915,0.4316573739051819,0.3225222644728879,_sdr_dense_state_core24,24,outputs_severity_state_pinn_sdr_dense_state_screen_core24
temporal,state_transition_w0.1_t2_transition_pred,0.1,2.0,0,6.817263276620881,2.9363255500793457,0.7327845692634583,0.79225754737854,0.8851965962441315,0.6059717535972595,0.5659103989601135,0.468180239200592,0.79225754737854,0.7055898904800415,0.468180239200592,0.2824402667350238,_sdr_dense_state_obs30,41,outputs_severity_state_pinn_sdr_dense_state_screen_obs30
temporal,state_transition_w0.1_t2_transition_pred,0.1,2.0,0,6.810171306768947,3.0283451080322266,0.7333402633666992,0.7500132918357849,0.8437866784037559,0.580329418182373,0.5624716281890869,0.4511899352073669,0.7500132918357849,0.6956800222396851,0.4511899352073669,0.3270854195006654,_sdr_dense_state_climate_gpr,60,outputs_severity_state_pinn_sdr_dense_state_screen_climate_gpr
temporal,state_transition_w0.1_t2_transition_pred,0.1,2.0,0,6.884330105905736,3.032381057739258,0.7275010347366333,0.7682136297225952,0.8634829812206573,0.5985661745071411,0.5902886390686035,0.4437667727470398,0.7682136297225952,0.7240990996360779,0.4437667727470398,0.320487285312146,_sdr_dense_state_climate_trf,62,outputs_severity_state_pinn_sdr_dense_state_screen_climate_trf
temporal,state_transition_w0.1_t2_transition_pred,0.1,2.0,0,7.03059838560474,3.107625961303711,0.7157987356185913,0.7693624496459961,0.8601085680751175,0.5941063165664673,0.5589113831520081,0.4456373453140259,0.7693624496459961,0.7009799480438232,0.4456373453140259,0.3014011444262533,_sdr_dense_state_obs20,66,outputs_severity_state_pinn_sdr_dense_state_screen_obs20
temporal,state_transition_w0.1_t2_transition_pred,0.1,2.0,0,6.929621166096689,3.066897392272949,0.7239037752151489,0.7694162726402283,0.8621992370892018,0.5889216661453247,0.563025712966919,0.463086187839508,0.7694162726402283,0.7001879215240479,0.463086187839508,0.3119469566033962,_sdr_dense_state_obs10,83,outputs_severity_state_pinn_sdr_dense_state_screen_obs10
temporal,state_transition_w0.1_t2_transition_pred,0.1,2.0,0,6.8907348900853425,3.0722827911376953,0.7269937992095947,0.7551100254058838,0.8642165492957747,0.5738694667816162,0.5646252632141113,0.4594560861587524,0.7551100254058838,0.698154091835022,0.4594560861587524,0.2909116552624065,_sdr_dense_state_no_flags,103,outputs_severity_state_pinn_sdr_dense_state_screen_no_flags
temporal,state_transition_w0.1_t2_transition_pred,0.1,2.0,0,6.880458260289211,3.0056614875793457,0.7278075218200684,0.7863921523094177,0.8828858568075117,0.6236642599105835,0.5796991586685181,0.4540435671806335,0.7863921523094177,0.7171857953071594,0.4540435671806335,0.2931760293000149,_sdr_dense_state_obs20_flags,150,outputs_severity_state_pinn_sdr_dense_state_screen_obs20_flags
