split,variant,w_phys,w_trans,w_traj,band_w,w_total,w_onset,w_cracked,huber_delta,seed,RMSE_total,MAE_total,R2_total,R2log_total,OnsetAUC,R2log_LOW_ONLY,R2log_MOD_ONLY,R2log_HIGH_ONLY,R2log_CUM_L,R2log_CUM_M,R2log_CUM_H,MAE_mean_class_cracked,loss_config,band_w_cfg,w_total_cfg,w_onset_cfg,w_cracked_cfg,huber_cfg,output_dir
temporal,state_transition_w0.1_t2_traj0.25_transition_pred,0.1,2.0,0.25,"1,1.2,1.5",0.4,0.15,0.5,1.0,0,6.786747123875878,2.8920960426330566,0.7351714372634888,0.7976309061050415,0.8982174295774648,0.5768775343894958,0.5669423341751099,0.4911351799964905,0.7976309061050415,0.7404426336288452,0.4911351799964905,0.2948270614905937,baseline,"1.0,1.2,1.5",0.4,0.15,0.5,1.0,outputs_severity_state_pinn_sdr_dense_state_obs30_traj_all_loss_baseline
temporal,state_transition_w0.1_t2_traj0.25_transition_pred,0.1,2.0,0.25,"1,1.5,2",0.4,0.15,0.5,1.0,0,6.7975119807483955,2.9144845008850098,0.7343306541442871,0.795907199382782,0.8743031103286385,0.5950969457626343,0.575430154800415,0.4730916619300842,0.795907199382782,0.725713849067688,0.4730916619300842,0.3007143883083572,high_mild,"1.0,1.5,2.0",0.4,0.15,0.5,1.0,outputs_severity_state_pinn_sdr_dense_state_obs30_traj_all_loss_high_mild
temporal,state_transition_w0.1_t2_traj0.25_transition_pred,0.1,2.0,0.25,"1,2,3",0.4,0.15,0.5,1.0,0,6.718294917818301,2.849421977996826,0.740486741065979,0.7834240794181824,0.8692781690140845,0.6058720350265503,0.5760941505432129,0.4713624119758606,0.7834240794181824,0.7130638360977173,0.4713624119758606,0.3018703351505462,high_strong,"1.0,2.0,3.0",0.4,0.15,0.5,1.0,outputs_severity_state_pinn_sdr_dense_state_obs30_traj_all_loss_high_strong
temporal,state_transition_w0.1_t2_traj0.25_transition_pred,0.1,2.0,0.25,"0.8,1.8,3",0.4,0.15,0.5,1.0,0,6.808981170399682,2.9215192794799805,0.7334334254264832,0.7775660753250122,0.8521860328638498,0.5811774730682373,0.5633997917175293,0.5015671253204346,0.7775660753250122,0.7114742398262024,0.5015671253204346,0.3236835807879658,mod_high_strong,"0.8,1.8,3.0",0.4,0.15,0.5,1.0,outputs_severity_state_pinn_sdr_dense_state_obs30_traj_all_loss_mod_high_strong
temporal,state_transition_w0.1_t2_traj0.25_transition_pred,0.1,2.0,0.25,"0.7,1.2,3",0.4,0.15,0.5,1.0,0,6.89224909112981,2.9843032360076904,0.7268737554550171,0.7887468934059143,0.8662705399061033,0.571426510810852,0.5563902854919434,0.5050220489501953,0.7887468934059143,0.712176501750946,0.5050220489501953,0.2903045577504581,high_only,"0.7,1.2,3.0",0.4,0.15,0.5,1.0,outputs_severity_state_pinn_sdr_dense_state_obs30_traj_all_loss_high_only
temporal,state_transition_w0.1_t2_traj0.25_transition_pred,0.1,2.0,0.25,"1,1.8,2.5",0.2,0.15,0.5,1.0,0,6.725991112945066,2.901455879211426,0.7398918271064758,0.7741212844848633,0.8607321009389672,0.6050378084182739,0.5657180547714233,0.4657360911369324,0.7741212844848633,0.7054163217544556,0.4657360911369324,0.3086356288733043,state_heavy,"1.0,1.8,2.5",0.2,0.15,0.5,1.0,outputs_severity_state_pinn_sdr_dense_state_obs30_traj_all_loss_state_heavy
temporal,state_transition_w0.1_t2_traj0.25_transition_pred,0.1,2.0,0.25,"1,1.5,2.5",0.7,0.15,0.5,1.0,0,6.837489500159757,2.9612467288970947,0.7311965823173523,0.7825615406036377,0.8620892018779343,0.6002928018569946,0.5774582624435425,0.4489065408706665,0.7825615406036377,0.7146109938621521,0.4489065408706665,0.3065437358594768,total_heavy,"1.0,1.5,2.5",0.7,0.15,0.5,1.0,outputs_severity_state_pinn_sdr_dense_state_obs30_traj_all_loss_total_heavy
temporal,state_transition_w0.1_t2_traj0.25_transition_pred,0.1,2.0,0.25,"1,1.5,2.5",0.4,0.15,1.0,1.0,0,6.810140218537543,2.89046859741211,0.7333426475524902,0.7964429259300232,0.8642899061032863,0.6009199619293213,0.5791255235671997,0.4423556923866272,0.7964428663253784,0.7203301191329956,0.4423556923866272,0.3079480973788597,cracked_heavy,"1.0,1.5,2.5",0.4,0.15,1.0,1.0,outputs_severity_state_pinn_sdr_dense_state_obs30_traj_all_loss_cracked_heavy
temporal,state_transition_w0.1_t2_traj0.25_transition_pred,0.1,2.0,0.25,"1,1.5,2.5",0.4,0.3,0.5,1.0,0,6.765698862002993,2.871180534362793,0.7368115782737732,0.7958179712295532,0.872469190140845,0.6010526418685913,0.5689802169799805,0.476432204246521,0.7958179116249084,0.7194960117340088,0.476432204246521,0.3142526663379585,onset_heavy,"1.0,1.5,2.5",0.4,0.3,0.5,1.0,outputs_severity_state_pinn_sdr_dense_state_obs30_traj_all_loss_onset_heavy
temporal,state_transition_w0.1_t2_traj0.25_transition_pred,0.1,2.0,0.25,"1,1.5,2.5",0.4,0.15,0.5,0.5,0,6.929529783911968,3.066107988357544,0.7239111065864563,0.7711015343666077,0.8736795774647887,0.5911515951156616,0.5624570846557617,0.4547722935676574,0.7711015343666077,0.7088003158569336,0.4547722935676574,0.319923290531346,huber_small,"1.0,1.5,2.5",0.4,0.15,0.5,0.5,outputs_severity_state_pinn_sdr_dense_state_obs30_traj_all_loss_huber_small
temporal,state_transition_w0.1_t2_traj0.25_transition_pred,0.1,2.0,0.25,"1,1.5,2.5",0.4,0.15,0.5,2.0,0,6.861241393025693,2.8672053813934326,0.7293258309364319,0.7954383492469788,0.8904416079812207,0.5920532941818237,0.582522451877594,0.4543887972831726,0.7954383492469788,0.7201673984527588,0.4543887972831726,0.3125265338844932,huber_large,"1.0,1.5,2.5",0.4,0.15,0.5,2.0,outputs_severity_state_pinn_sdr_dense_state_obs30_traj_all_loss_huber_large
