split,variant,w_phys,w_trans,w_traj,band_w,w_total,w_onset,w_cracked,huber_delta,seed,RMSE_total,MAE_total,R2_total,R2log_total,OnsetAUC,R2log_LOW_ONLY,R2log_MOD_ONLY,R2log_HIGH_ONLY,R2log_CUM_L,R2log_CUM_M,R2log_CUM_H,MAE_mean_class_cracked,model,seed_offset,eval,n_eval_rows,n_eval_sections
temporal,state_transition_w0.1_t2_traj0.25_transition_pred,0.1,2.0,0.25,"1,1.2,1.5",0.4,0.15,0.5,1.0,0,6.786747123875878,2.8920960426330566,0.7351714372634888,0.7976309061050415,0.8982174295774648,0.5768775343894958,0.5669423341751099,0.4911351799964905,0.7976309061050415,0.7404426336288452,0.4911351799964905,0.2948270614905937,baseline,0,temporal,,
unseen_sections,state_transition_w0.1_t2_traj0.25_state_pinn,0.1,2.0,0.25,"1,1.2,1.5",0.4,0.15,0.5,1.0,0,9.019860147176026,4.060639237173929,0.029013589039843,0.1553500669542112,0.7565524649219987,0.0505929739025241,0.0811493623415259,-0.0278654891052529,0.1553500668545312,0.0883395854376943,-0.0278654891052529,0.4677844691430977,baseline,0,cold_unseen,,
warm_unseen_sections,state_transition_w0.1_t2_traj0.25_first_anchor_state,0.1,2.0,0.25,"1,1.2,1.5",0.4,0.15,0.5,1.0,0,7.067094091425335,3.2311386012868226,0.4098947626389804,0.4965026912758737,0.8044590951217457,0.1941792407673515,0.1538594020213317,-0.0537323911830029,0.4965026918005975,0.2531392927936305,-0.0537323911830029,0.5229294449100942,baseline,0,first_anchor,1959.0,298.0
warm_unseen_sections,state_transition_w0.1_t2_traj0.25_rolling_anchor_state,0.1,2.0,0.25,"1,1.2,1.5",0.4,0.15,0.5,1.0,0,5.442547489025152,2.02632482628271,0.6500127878410363,0.73452247219991,0.8392866922234392,0.517971693987143,0.478934394395399,0.3561980471916958,0.7345224723058846,0.5877331695467775,0.3561980471916958,0.3511220392054852,baseline,0,rolling_anchor,1959.0,298.0
temporal,state_transition_w0.1_t2_traj0.25_transition_pred,0.1,2.0,0.25,"1,1.2,1.5",0.4,0.15,0.5,1.0,1,6.816324263027709,3.015344619750977,0.7328581809997559,0.7831689119338989,0.8778609154929577,0.5794484615325928,0.551917552947998,0.4733209013938904,0.7831689119338989,0.7115635871887207,0.4733209013938904,0.2892269259340326,baseline,1,temporal,,
unseen_sections,state_transition_w0.1_t2_traj0.25_state_pinn,0.1,2.0,0.25,"1,1.2,1.5",0.4,0.15,0.5,1.0,0,8.99369193213617,4.015023338211052,0.0346394242095446,0.1882182849858508,0.741839394315502,0.0820775019201281,0.088675373022575,-0.0283803366284902,0.1882182868545614,0.1086052776118369,-0.0283803366284902,0.4684170597482192,baseline,1,cold_unseen,,
warm_unseen_sections,state_transition_w0.1_t2_traj0.25_first_anchor_state,0.1,2.0,0.25,"1,1.2,1.5",0.4,0.15,0.5,1.0,0,7.275715983838863,3.359630735462694,0.3745404945989431,0.4951328150281973,0.8197668295559861,0.1585437688334474,0.0988900370113686,-0.1585394527031967,0.4951328154058002,0.2054108717033708,-0.1585394527031967,0.5116210456124403,baseline,1,first_anchor,1959.0,298.0
warm_unseen_sections,state_transition_w0.1_t2_traj0.25_rolling_anchor_state,0.1,2.0,0.25,"1,1.2,1.5",0.4,0.15,0.5,1.0,0,5.430951163596743,2.0373419976359184,0.6515026202639908,0.7454196969352865,0.8468010152498103,0.5322827204919045,0.4624097194629595,0.3545378489124658,0.7454196968484436,0.5701723486883761,0.3545378489124658,0.3465913768423707,baseline,1,rolling_anchor,1959.0,298.0
temporal,state_transition_w0.1_t2_traj0.25_transition_pred,0.1,2.0,0.25,"1,1.2,1.5",0.4,0.15,0.5,1.0,2,6.896866305181141,3.0193188190460205,0.7265077233314514,0.778320848941803,0.8865903755868544,0.5985329151153564,0.5722454190254211,0.4464405179023742,0.778320848941803,0.7180255651473999,0.4464405179023742,0.3029094518096369,baseline,2,temporal,,
unseen_sections,state_transition_w0.1_t2_traj0.25_state_pinn,0.1,2.0,0.25,"1,1.2,1.5",0.4,0.15,0.5,1.0,0,8.969597314630343,3.9955321139967808,0.0398050083932377,0.1973135399818179,0.753577519433297,0.0865918149027108,0.120813910017486,0.0202696961066413,0.1973135402748649,0.1436035960553802,0.0202696961066413,0.4677294378126576,baseline,2,cold_unseen,,
warm_unseen_sections,state_transition_w0.1_t2_traj0.25_first_anchor_state,0.1,2.0,0.25,"1,1.2,1.5",0.4,0.15,0.5,1.0,0,7.09610633565372,3.1553175878340705,0.4050397490727137,0.5436848528446541,0.8223755160502149,0.2444951392287599,0.1364581859289655,-0.0334536299386161,0.5436848532251388,0.2531347791194345,-0.0334536299386161,0.504007265442396,baseline,2,first_anchor,1959.0,298.0
warm_unseen_sections,state_transition_w0.1_t2_traj0.25_rolling_anchor_state,0.1,2.0,0.25,"1,1.2,1.5",0.4,0.15,0.5,1.0,0,5.36599372783724,1.9872794549202908,0.6597892413208953,0.7477631142842305,0.8500205366922234,0.5365789234315881,0.4676500214247796,0.3568873685681833,0.7477631141557312,0.5802882931970041,0.3568873685681833,0.340177736373728,baseline,2,rolling_anchor,1959.0,298.0
temporal,state_transition_w0.1_t2_traj0.25_transition_pred,0.1,2.0,0.25,"1,1.2,1.5",0.4,0.15,0.5,1.0,3,6.954666755420786,3.0779311656951904,0.7219043970108032,0.7599148154258728,0.8603653169014085,0.5879679918289185,0.5644969940185547,0.4443864822387695,0.7599148154258728,0.7072709798812866,0.4443864822387695,0.291130707288616,baseline,3,temporal,,
unseen_sections,state_transition_w0.1_t2_traj0.25_state_pinn,0.1,2.0,0.25,"1,1.2,1.5",0.4,0.15,0.5,1.0,0,9.005555647675862,3.9705283451425952,0.0320909008427626,0.1887442657585805,0.7560544699264653,0.0925098591990997,0.0759928583481193,0.0156822238593383,0.1887442657491542,0.1051497712198733,0.0156822238593383,0.4673360045917158,baseline,3,cold_unseen,,
warm_unseen_sections,state_transition_w0.1_t2_traj0.25_first_anchor_state,0.1,2.0,0.25,"1,1.2,1.5",0.4,0.15,0.5,1.0,0,7.066828328866023,3.1379196935824405,0.4099391443685312,0.5296869923928398,0.8143256592804785,0.2377071538818035,0.1218978440671172,-0.0910702713171904,0.5296869928122372,0.2335532840896145,-0.0910702713171904,0.5331734145962062,baseline,3,first_anchor,1959.0,298.0
warm_unseen_sections,state_transition_w0.1_t2_traj0.25_rolling_anchor_state,0.1,2.0,0.25,"1,1.2,1.5",0.4,0.15,0.5,1.0,0,5.396232569542228,1.9935829880903608,0.6559440762080752,0.7468280080021503,0.8509425815148707,0.5389803874187917,0.4723011691380225,0.362641037043226,0.7468280081546819,0.5816965173943368,0.362641037043226,0.3471358107465132,baseline,3,rolling_anchor,1959.0,298.0
temporal,state_transition_w0.1_t2_traj0.25_transition_pred,0.1,2.0,0.25,"1,1.2,1.5",0.4,0.15,0.5,1.0,4,6.814125357103744,3.0349690914154053,0.7330304980278015,0.777450680732727,0.83256308685446,0.6056328415870667,0.5882927179336548,0.4385577440261841,0.777450680732727,0.724571704864502,0.4385577440261841,0.3328110103080258,baseline,4,temporal,,
unseen_sections,state_transition_w0.1_t2_traj0.25_state_pinn,0.1,2.0,0.25,"1,1.2,1.5",0.4,0.15,0.5,1.0,0,8.975699813896568,3.9947091050837313,0.0384980193896319,0.1733772060012229,0.7504010775079412,0.0587038568877097,0.0915833510575012,-0.0277756454789197,0.1733772064048818,0.1058239154407714,-0.0277756454789197,0.4672370179517431,baseline,4,cold_unseen,,
warm_unseen_sections,state_transition_w0.1_t2_traj0.25_first_anchor_state,0.1,2.0,0.25,"1,1.2,1.5",0.4,0.15,0.5,1.0,0,7.44601737892214,3.4060040575344233,0.344917778572512,0.477570653441894,0.8089303016260849,0.1647247352287877,0.1312171977918715,-0.197028021037241,0.4775706532225153,0.2095653029890581,-0.197028021037241,0.5045263436377962,baseline,4,first_anchor,1959.0,298.0
warm_unseen_sections,state_transition_w0.1_t2_traj0.25_rolling_anchor_state,0.1,2.0,0.25,"1,1.2,1.5",0.4,0.15,0.5,1.0,0,5.481673533927954,2.0601681961072775,0.644962639333616,0.7357462951855194,0.8425862541073386,0.5243828473575585,0.4544827824742621,0.3348275502034208,0.7357462958561078,0.5627840366117837,0.3348275502034208,0.3592457287450472,baseline,4,rolling_anchor,1959.0,298.0
temporal,state_transition_w0.1_t2_traj0.25_transition_pred,0.1,2.0,0.25,"0.7,1.2,3",0.4,0.15,0.5,1.0,0,6.89224909112981,2.9843032360076904,0.7268737554550171,0.7887468934059143,0.8662705399061033,0.571426510810852,0.5563902854919434,0.5050220489501953,0.7887468934059143,0.712176501750946,0.5050220489501953,0.2903045577504581,high_only,0,temporal,,
unseen_sections,state_transition_w0.1_t2_traj0.25_state_pinn,0.1,2.0,0.25,"0.7,1.2,3",0.4,0.15,0.5,1.0,0,8.82491678224195,3.970099136450163,0.0705312736836061,0.1999956301986485,0.7507849167275753,0.0812653245415188,0.1120363053966143,-0.0158471925792345,0.1999956309759223,0.1370714665850719,-0.0158471925792345,0.4802195609198161,high_only,0,cold_unseen,,
warm_unseen_sections,state_transition_w0.1_t2_traj0.25_first_anchor_state,0.1,2.0,0.25,"0.7,1.2,3",0.4,0.15,0.5,1.0,0,7.188457334126366,3.181246128638768,0.3894529729896971,0.5167743542579937,0.808960316791642,0.2017577173567947,0.1912083364156956,-0.0158930517699955,0.5167743539692289,0.3156628791440777,-0.0158930517699955,0.5288955344388673,high_only,0,first_anchor,1959.0,298.0
warm_unseen_sections,state_transition_w0.1_t2_traj0.25_rolling_anchor_state,0.1,2.0,0.25,"0.7,1.2,3",0.4,0.15,0.5,1.0,0,5.451356879122383,2.01377103584588,0.6488788816608042,0.749352728304661,0.8426594489847502,0.5326397086514685,0.4831043139421023,0.3653921329377283,0.749352728608252,0.591663721842005,0.3653921329377283,0.3529456909555108,high_only,0,rolling_anchor,1959.0,298.0
temporal,state_transition_w0.1_t2_traj0.25_transition_pred,0.1,2.0,0.25,"0.7,1.2,3",0.4,0.15,0.5,1.0,1,6.654152409827482,2.901137113571167,0.7454184293746948,0.775741696357727,0.8678843896713615,0.5748521089553833,0.5573790073394775,0.522860050201416,0.775741696357727,0.722525417804718,0.522860050201416,0.305674703075135,high_only,1,temporal,,
unseen_sections,state_transition_w0.1_t2_traj0.25_state_pinn,0.1,2.0,0.25,"0.7,1.2,3",0.4,0.15,0.5,1.0,0,9.096686526200784,4.1856002779005,0.0124024533444681,0.1277111142701127,0.7399309242633888,-0.0236494156938376,0.055002242139155,-0.1092132476741196,0.1277111151772719,0.084952569635041,-0.1092132476741196,0.4806284640923311,high_only,1,cold_unseen,,
warm_unseen_sections,state_transition_w0.1_t2_traj0.25_first_anchor_state,0.1,2.0,0.25,"0.7,1.2,3",0.4,0.15,0.5,1.0,0,7.408398770398235,3.2454615274388123,0.3515202424830164,0.5222222888642671,0.829957241553627,0.1874938095349068,0.1354377902893212,0.0403657657079884,0.5222222893977294,0.293556746477332,0.0403657657079884,0.513333071390451,high_only,1,first_anchor,1959.0,298.0
warm_unseen_sections,state_transition_w0.1_t2_traj0.25_rolling_anchor_state,0.1,2.0,0.25,"0.7,1.2,3",0.4,0.15,0.5,1.0,0,5.576131372662397,2.0582815308262647,0.6326215172148187,0.7356845671658643,0.8469595163872272,0.5104421479210005,0.465023281511308,0.3806344929941276,0.7356845668352271,0.5811522800290638,0.3806344929941276,0.350103835780112,high_only,1,rolling_anchor,1959.0,298.0
temporal,state_transition_w0.1_t2_traj0.25_transition_pred,0.1,2.0,0.25,"0.7,1.2,3",0.4,0.15,0.5,1.0,2,6.878826394340575,2.962366819381714,0.7279366254806519,0.7730500102043152,0.8746332159624414,0.5944547057151794,0.5582146644592285,0.4785059094429016,0.7730500102043152,0.7007766962051392,0.4785059094429016,0.2959991182147993,high_only,2,temporal,,
unseen_sections,state_transition_w0.1_t2_traj0.25_state_pinn,0.1,2.0,0.25,"0.7,1.2,3",0.4,0.15,0.5,1.0,0,8.961536268006036,4.049883081719964,0.0415301022287887,0.1833984876991643,0.7501528461563214,0.0518388881357663,0.1090643603356025,0.0200060379699343,0.183398488303119,0.1485360111809824,0.0200060379699343,0.4798908221234329,high_only,2,cold_unseen,,
warm_unseen_sections,state_transition_w0.1_t2_traj0.25_first_anchor_state,0.1,2.0,0.25,"0.7,1.2,3",0.4,0.15,0.5,1.0,0,7.157198919309058,3.132654279377264,0.3947512552656493,0.5516866625108279,0.8141087075575028,0.2413688554487486,0.1765867953552632,0.0195445078576377,0.5516866629938944,0.310781896193945,0.0195445078576377,0.5217130531734799,high_only,2,first_anchor,1959.0,298.0
warm_unseen_sections,state_transition_w0.1_t2_traj0.25_rolling_anchor_state,0.1,2.0,0.25,"0.7,1.2,3",0.4,0.15,0.5,1.0,0,5.430474829116297,2.002402119975558,0.651563749165188,0.7453552306234403,0.8466893798972113,0.5254069859563446,0.477230280275601,0.3685340142273485,0.7453552305136064,0.5897206482884907,0.3685340142273485,0.3464736897417469,high_only,2,rolling_anchor,1959.0,298.0
temporal,state_transition_w0.1_t2_traj0.25_transition_pred,0.1,2.0,0.25,"0.7,1.2,3",0.4,0.15,0.5,1.0,3,6.8153238306052355,2.9555039405822754,0.7329365611076355,0.7776142358779907,0.8818955399061033,0.5955173969268799,0.5781153440475464,0.4747188091278076,0.7776142358779907,0.7161928415298462,0.4747188091278076,0.3028665347657603,high_only,3,temporal,,
unseen_sections,state_transition_w0.1_t2_traj0.25_state_pinn,0.1,2.0,0.25,"0.7,1.2,3",0.4,0.15,0.5,1.0,0,9.064610679190364,4.048565172845868,0.0193549140542912,0.1697614752206829,0.759837699600225,0.0718655845356915,0.0796836915962502,0.011176495385911,0.169761475503643,0.1117707724640544,0.011176495385911,0.4798850620893379,high_only,3,cold_unseen,,
warm_unseen_sections,state_transition_w0.1_t2_traj0.25_first_anchor_state,0.1,2.0,0.25,"0.7,1.2,3",0.4,0.15,0.5,1.0,0,7.504884462951698,3.3990562671054803,0.3345188729695842,0.4880138611705179,0.8157426910438959,0.1654201658522186,0.1093463085032301,-0.1102059537273048,0.4880138620288506,0.2303278152135256,-0.1102059537273048,0.5241767388922866,high_only,3,first_anchor,1959.0,298.0
warm_unseen_sections,state_transition_w0.1_t2_traj0.25_rolling_anchor_state,0.1,2.0,0.25,"0.7,1.2,3",0.4,0.15,0.5,1.0,0,5.452405486994133,2.015481898278728,0.6487437873022293,0.748985022186677,0.8560809672255454,0.5316305317768928,0.4733261173746749,0.3823952290734865,0.74898502199449,0.5832658676168387,0.3823952290734865,0.3471678856067143,high_only,3,rolling_anchor,1959.0,298.0
temporal,state_transition_w0.1_t2_traj0.25_transition_pred,0.1,2.0,0.25,"0.7,1.2,3",0.4,0.15,0.5,1.0,4,6.653026104537412,2.835463047027588,0.74550461769104,0.7845839262008667,0.8488849765258215,0.6198111772537231,0.5717088580131531,0.4702528119087219,0.7845839262008667,0.7012822031974792,0.4702528119087219,0.336313101140785,high_only,4,temporal,,
unseen_sections,state_transition_w0.1_t2_traj0.25_state_pinn,0.1,2.0,0.25,"0.7,1.2,3",0.4,0.15,0.5,1.0,0,8.884615714316553,4.00987826597834,0.0579133701385728,0.1906444779429185,0.749024312881828,0.0629114307531485,0.1080563704213266,0.0294128589971119,0.1906444781157329,0.1500574314619193,0.0294128589971119,0.4793725705475546,high_only,4,cold_unseen,,
warm_unseen_sections,state_transition_w0.1_t2_traj0.25_first_anchor_state,0.1,2.0,0.25,"0.7,1.2,3",0.4,0.15,0.5,1.0,0,7.193164015086785,3.153467126658463,0.3886531933700246,0.5262641390514757,0.8149749347038502,0.1810024410350204,0.1862131267536798,-0.0332117069520636,0.5262641391998503,0.3237806583218519,-0.0332117069520636,0.5244801043504502,high_only,4,first_anchor,1959.0,298.0
warm_unseen_sections,state_transition_w0.1_t2_traj0.25_rolling_anchor_state,0.1,2.0,0.25,"0.7,1.2,3",0.4,0.15,0.5,1.0,0,5.6286979391821,2.0470133286926013,0.625662264967336,0.7496519102307956,0.8537661134046677,0.5265113904942658,0.4699449250490166,0.3702976637650756,0.7496519102802635,0.5832813125247432,0.3702976637650756,0.3547468126998236,high_only,4,rolling_anchor,1959.0,298.0
